"ensembl_gene_id","baseMean_group2","log2FoldChange_group2","lfcSE_group2","stat_group2","pvalue_group2","padj_group2","baseMean_group3","log2FoldChange_group3","lfcSE_group3","stat_group3","pvalue_group3","padj_group3","baseMean_group4","log2FoldChange_group4","lfcSE_group4","stat_group4","pvalue_group4","padj_group4","hgnc_symbol","score"
"ENSG00000239002",2010.20204744091,-9.98119639493538,0.91869567694131,-10.8645296211326,1.70097463215108e-27,8.37673307180003e-24,2010.20204744091,-8.95108939215017,0.427941307546564,-20.916628599066,3.77903789624109e-97,2.98581784182009e-93,2010.20204744091,-10.1456379531212,0.880162480633353,-11.5270057249208,9.64398105283998e-31,1.49867465561133e-26,"SCARNA10",938.724509303905
"ENSG00000147604",16766.5244641337,9.30555171804477,0.667472781054059,13.9414699478077,3.54561746607839e-44,1.04765904887684e-39,16766.5244641337,8.5092873400259,0.366404553070623,23.22374891009,2.62100278404382e-119,1.03542714983651e-114,16766.5244641337,7.9448423264245,0.667489429576251,11.9025739950192,1.14752210265348e-32,3.56649869504702e-28,"RPL7",905.591902784394
"ENSG00000210144",1736.91149338196,-9.48045859080301,1.11123844264,-8.53143504312184,1.44543366468978e-17,1.37773141691141e-14,1736.91149338196,-12.4731842345355,0.687394143956889,-18.1456073552435,1.39089081286512e-73,3.92479582587403e-70,1736.91149338196,-12.3772663421226,1.43342426037652,-8.63475433216918,5.88533804042488e-18,7.31665225185621e-15,"MT-TY",865.7161067145
"ENSG00000177954",15505.7891093944,8.99868110055974,0.767967484783016,11.7175287741541,1.03651603723815e-31,7.65674396707824e-28,15505.7891093944,9.15760078352967,0.422096954893176,21.6954912310308,2.26295306388096e-104,2.97993202628724e-100,15505.7891093944,8.06023174849614,0.767978725793906,10.4953841529449,9.07079887641466e-26,3.13244921198853e-22,"RPS27",802.20096170979
"ENSG00000252481",491.611574581579,-6.94948090000684,0.678603572077359,-10.2408551707633,1.30081444247075e-24,3.49422410419324e-21,491.611574581579,-7.04174650538499,0.332906643026836,-21.1523159807218,2.62721696134389e-99,2.59470515144726e-95,491.611574581579,-7.21446551769906,0.658041146404798,-10.9635477311947,5.72116647074365e-28,4.44534634776781e-24,"SCARNA13",682.38680048266
"ENSG00000264063",2167.09709928154,-12.0374761229437,1.42766829702996,-8.43156365381633,3.41076680936453e-17,2.87946679094581e-14,2167.09709928154,-9.13657284028964,0.555813394063543,-16.4382019898663,1.01897451866875e-60,2.11866254526363e-57,2167.09709928154,-9.4108249073816,1.05492704984191,-8.92083003160442,4.6280641204627e-19,7.19201164319904e-16,"",682.211178008221
"ENSG00000122026",8929.56447542136,7.77670612341555,0.628663047604703,12.3702294147014,3.78738109058654e-35,3.73031788215504e-31,8929.56447542136,7.49680144994492,0.34499486780121,21.7301825320621,1.06378472023417e-104,2.10124076864255e-100,8929.56447542136,6.72346963149327,0.628687917726784,10.6944470251696,1.08062300898615e-26,4.56471591762243e-23,"RPL21",670.178806776949
"ENSG00000238741",875.995865901122,-8.45848947698729,0.832751049186889,-10.1572846833952,3.0752165300972e-24,7.57220816927601e-21,875.995865901122,-7.42934044949982,0.389631911801848,-19.0675871879768,4.69472194686834e-81,2.64949986444334e-77,875.995865901122,-8.36033310631325,0.782313055577363,-10.6866848849188,1.17495905215507e-26,4.56471591762243e-23,"SCARNA7",647.724362319039
"ENSG00000252010",337.589183926965,-6.60046526771969,0.765953316007735,-8.61732057264576,6.85390463737452e-18,7.50071015648675e-15,337.589183926965,-7.24565645094617,0.390356815152153,-18.5616240570104,6.56885182982141e-77,3.24378114421369e-73,337.589183926965,-8.61508458830882,0.911590328969703,-9.45060990066202,3.3686210397343e-21,8.72472849291183e-18,"SCARNA5",624.498422657696
"ENSG00000263740",531.248496016369,-7.05385572439806,0.814652888253049,-8.65872548432797,4.77068175345249e-18,5.42169632503901e-15,531.248496016369,-7.8269339001459,0.424153650599021,-18.4530626792723,4.92718961617532e-76,1.94648625787006e-72,531.248496016369,-8.42256193549233,0.870556196870581,-9.67492043106374,3.85391321723909e-22,1.08890566174355e-18,"RN7SL4P",603.988222012865
"ENSG00000252139",157.451949839122,-8.23799891724698,1.16560426295316,-7.06757788992236,1.57661256555475e-12,4.23506800791016e-10,157.451949839122,-6.48432963495003,0.354347585611764,-18.2993475848161,8.37457142838477e-75,2.5449034175257e-71,157.451949839122,-6.73844570042826,0.745021265882593,-9.04463538023379,1.50165482790641e-19,2.45639116059639e-16,"",581.556003353752
"ENSG00000207008",130.17195809767,-7.97481885098676,1.17930474970401,-6.76230537779851,1.35813055919725e-11,2.99477923605673e-09,130.17195809767,-7.62909165239577,0.428956421771805,-17.7852370664689,9.19735512172655e-71,2.1373030240224e-67,130.17195809767,-8.14612104954214,1.03576171725624,-7.86486014478453,3.69510034825234e-15,2.73437425770673e-12,"SNORA54",543.102981136693
"ENSG00000265150",100268.103526227,-8.69146854429838,0.927157911725613,-9.37431308559072,6.96276621783807e-21,1.28584885127925e-17,100268.103526227,-7.65022466592063,0.502929373629917,-15.2113299939209,2.97438342711818e-52,4.51934681878091e-49,100268.103526227,-9.96159821114883,0.927970093152766,-10.7348267844543,6.98498381703487e-27,4.0926564185989e-23,NA,481.592711716251
"ENSG00000251791",101.158220309849,-6.27158235000328,0.810364626527407,-7.73921040566444,1.00036115239984e-14,4.54748789709393e-12,101.158220309849,-5.57405328361507,0.311693587666074,-17.8831182423512,1.5965279506088e-71,4.20472244592005e-68,101.158220309849,-6.99382191962426,0.816051783798614,-8.57031631873768,1.03201170868726e-17,1.10603185882759e-14,"SCARNA6",471.217582700973
"ENSG00000201793",147.242870978359,-8.1545305337727,1.26141606725425,-6.46458432349198,1.01577642293954e-10,1.74500940378008e-08,147.242870978359,-7.94997794586624,0.502479069626239,-15.8215106388007,2.21122842817608e-56,3.79802517630852e-53,147.242870978359,-8.84778452940835,1.26141534956713,-7.01417224108186,2.31314295431511e-12,1.01257018338188e-09,"RN7SKP9",463.804777174566
"ENSG00000201315",119.595271573745,-7.85824323251234,1.25351730425926,-6.26895472907414,3.63479777560882e-10,4.92665159053621e-08,119.595271573745,-8.64910947861572,0.575023003393827,-15.0413277861373,3.93575905478469e-51,5.75859857256553e-48,119.595271573745,-8.5534558970939,1.25351659751495,-6.82356812351015,8.8806597805783e-12,3.03308687890521e-09,"RN7SKP227",408.581191686481
"ENSG00000208892",96.1641119458554,-7.53684739643347,1.23199867324201,-6.11757752676812,9.50085426420057e-10,1.10090683058274e-07,96.1641119458554,-7.33960413439419,0.480736628746627,-15.2674119164374,1.26078495067986e-52,1.99229237906431e-49,96.1641119458554,-8.23751635603115,1.23199800106514,-6.68630659214488,2.2887327991082e-11,6.52603810975071e-09,"SNORA49",401.172375604741
"ENSG00000205542",21299.4616830476,6.37688343831739,0.613766610006756,10.3897529359689,2.76067286761652e-25,9.06359576581478e-22,21299.4616830476,6.13869631043335,0.333908183875546,18.3843841117754,1.75218273600498e-75,6.29272536235242e-72,21299.4616830476,5.57167114738647,0.613772022597219,9.07775353430018,1.1083880860617e-19,1.91381676193319e-16,"TMSB4X",396.709455641282
"ENSG00000100764",1118.17971191216,5.38167836976738,0.522914177113051,10.291704844338,7.68042896489373e-25,2.2694131505468e-21,1118.17971191216,5.39228160779113,0.292025353520341,18.465114562101,3.94186071682717e-76,1.73025786242508e-72,1118.17971191216,5.60442130179891,0.522632773557921,10.7234402152888,7.90088111698629e-27,4.0926564185989e-23,"PSMC1",386.19940671238
"ENSG00000198327",133.209291335138,-8.0094167244497,1.28300381372814,-6.24270687175591,4.30062411338491e-10,5.64777072454654e-08,133.209291335138,-7.7279694887304,0.514379150496742,-15.0238777782253,5.12214633133064e-51,7.22679967211489e-48,133.209291335138,-7.80972813102956,1.08734085227763,-7.18241029450029,6.84930023103421e-13,3.48977460951711e-10,NA,377.572346186179
"ENSG00000270066",1822.03325696812,-9.95790329763236,1.12612414546194,-8.84263368098511,9.34883424966213e-19,1.31542549718579e-15,1822.03325696812,-7.24496683330775,0.540188317846635,-13.4119280146385,5.1482786761494e-41,3.69786816547785e-38,1822.03325696812,-8.71460438417394,1.02891964860694,-8.46966465843346,2.46100502762153e-17,2.46735600833797e-14,"",372.744719953556
"ENSG00000254911",252.892359076849,-5.87628623501035,0.663165982029122,-8.86095848437578,7.93294076858346e-19,1.17201266915052e-15,252.892359076849,-5.49292409166487,0.320108380924616,-17.1595760029739,5.33013364178274e-66,1.16981627510348e-62,252.892359076849,-5.9090773730761,0.631828163299814,-9.35234881303026,8.57225372564862e-21,1.90304032709399e-17,"SCARNA9",365.960284612008
"ENSG00000196205",559.586588700919,5.2054643211505,0.398436268884999,13.0647351349758,5.23665709933167e-39,7.73663719855261e-35,559.586588700919,4.48036136926691,0.228053839013723,19.6460686153909,6.24679829405841e-86,4.11299611011296e-82,559.586588700919,4.41528112401036,0.398672176194707,11.0749668214969,1.65941608037584e-28,1.71915505926937e-24,"EEF1A1P5",359.341370625122
"ENSG00000197728",4137.94515688239,6.96749411009156,0.867271057090134,8.03381371156197,9.44886278751127e-16,5.47441171853692e-13,4137.94515688239,7.64646097004825,0.476581337834109,16.0443986430494,6.25619829808837e-58,1.12341415348173e-54,4137.94515688239,6.4706014345736,0.86726821019001,7.46090005207956,8.59334207643721e-14,5.68257599437593e-11,"RPS26",349.085453975177
"ENSG00000171863",11442.053800811,5.89287601466285,0.562319575788712,10.4795853966092,1.07212716232012e-25,3.95990167402935e-22,11442.053800811,5.61622629665741,0.306222899545245,18.3403210700367,3.94460574469197e-75,1.29859708286713e-71,11442.053800811,4.91283748390465,0.562338074135808,8.73644825037788,2.4055402857805e-18,3.39837236736627e-15,"RPS7",348.253979958694
"ENSG00000225092",91.2663517260498,-7.46076431519728,1.23889918065711,-6.0220915726493,1.72177429130572e-09,1.86355262855317e-07,91.2663517260498,-6.82573035773766,0.462225458422154,-14.7671017105762,2.38761645672655e-49,2.85826630675704e-46,91.2663517260498,-7.2572538912203,1.03186132736278,-7.0331678286348,2.01896271492624e-12,8.96419445427251e-10,"",339.792283826399
"ENSG00000196611",4783.57641987779,11.7778973824287,1.50167619245782,7.84316714987115,4.39322581958405e-15,2.16351727528449e-12,4783.57641987779,11.6658593155661,0.859535739297997,13.5722795251003,5.84747796498838e-42,4.71437993891563e-39,4783.57641987779,8.86563122315823,1.50186868162111,5.9030668470886,3.56805613013167e-09,5.04069020565875e-07,"MMP1",339.789283719933
"ENSG00000207233",94.1904240782275,-6.93173158313246,1.12787392067358,-6.14583904820919,7.95419101082297e-10,9.40121743951188e-08,94.1904240782275,-7.40621663660421,0.515472001425541,-14.3678349476252,8.23660804938176e-47,9.03853336085629e-44,94.1904240782275,-7.66969098588623,1.14245202967355,-6.71335932422284,1.90193977318909e-11,5.71553105448169e-09,"SNORA37",330.133427432719
"ENSG00000259001",41920.5873314957,-10.2533510153942,1.23336574104142,-8.31330940547817,9.30694446571789e-17,6.70735597739103e-14,41920.5873314957,-8.11662880237628,0.666566038339541,-12.1767811972469,4.13272303122563e-34,1.52582451727634e-31,41920.5873314957,-10.5627687141804,1.23247831890548,-8.57034850200106,1.03172332179175e-17,1.10603185882759e-14,"",325.507513608496
"ENSG00000249647",51.9861422338423,-6.64369531333327,1.16173342525381,-5.7187777926608,1.07292995075042e-08,8.73359068451061e-07,51.9861422338423,-6.92260301980042,0.462182136134847,-14.9780843493715,1.0211821969585e-50,1.39109664451191e-47,51.9861422338423,-6.81593251710572,1.01439244057633,-6.71922644970937,1.82691805250319e-11,5.56672677174503e-09,"LINC02900",324.369936231632
"ENSG00000145425",7039.8859704957,5.92606046436481,0.702713923017086,8.43310523708054,3.36611744586189e-17,2.87946679094581e-14,7039.8859704957,6.27564274569888,0.383266479462435,16.3740976108869,2.92818163176884e-60,5.7838907681514e-57,7039.8859704957,5.6334574034249,0.702699971241787,8.01687439017487,1.08469945171451e-15,9.11147539440189e-13,"RPS3A",316.813137628522
"ENSG00000240869",54.152427279424,-6.70039777738594,1.19905224265692,-5.58807826633045,2.29596169280333e-08,1.5925135234496e-06,54.152427279424,-6.64499073576844,0.465122149481628,-14.2865497658501,2.65438099976509e-46,2.7595084577821e-43,54.152427279424,-7.40988599085193,1.1990419814561,-6.17983865907134,6.4167144709492e-10,1.15948538230873e-07,"RN7SL128P",315.3585847499
"ENSG00000156508",69146.4956309804,4.9676350559628,0.504846661100417,9.83988889841288,7.57944912911299e-23,1.72275048359254e-19,69146.4956309804,4.8921322182149,0.27424006436972,17.8388676704054,3.52772292535106e-71,8.71016838537461e-68,69146.4956309804,4.64922650571679,0.504845238401261,9.20921136235714,3.28529716293905e-20,6.80713572160971e-17,"EEF1A1",311.777006032268
"ENSG00000202241",74.1276289682573,-7.16048307114685,1.26256054506304,-5.67139777901846,1.41637103715486e-08,1.08500265748121e-06,74.1276289682573,-7.82882637084288,0.569623806965064,-13.7438538823625,5.54441135038823e-43,4.76156457384971e-40,74.1276289682573,-7.85353931560277,1.26255982651703,-6.22033043556278,4.96108954833094e-10,9.17801566441224e-08,"RN7SKP186",308.81883887881
"ENSG00000259644",52.9647781940916,-6.65454407787313,1.16220921160812,-5.72577123929813,1.02964890579489e-08,8.45112940789648e-07,52.9647781940916,-5.67291831158211,0.381198184496978,-14.8818083146644,4.32645690748926e-50,5.69722267101211e-47,52.9647781940916,-4.83876708500188,0.708548035288151,-6.82913062208133,8.54307622194515e-12,2.95020898864506e-09,"",307.734977628789
"ENSG00000264462",1137.67668631641,-11.1020029600259,1.58270727535232,-7.01456493750844,2.30665577184318e-12,5.97868989003704e-10,1137.67668631641,-7.67661534812861,0.664950906434449,-11.544634760018,7.85745344892231e-31,1.9771254681508e-28,1137.67668631641,-9.36113898251786,1.2947171942398,-7.23025771509453,4.82078322649126e-13,2.53949055388726e-10,"MIR3648-2",307.569509977831
"ENSG00000270022",106.727873043187,-7.10389474918756,1.12260950727503,-6.32801940759543,2.48327914607611e-10,3.66879661041285e-08,106.727873043187,-6.49219663547614,0.460875776186041,-14.0866519156248,4.58803377670007e-45,4.5312568587134e-42,106.727873043187,-6.30523815264841,0.907628509759446,-6.94693708367482,3.73302080765001e-12,1.50678294417873e-09,"",293.701871021591
"ENSG00000105640",8737.72593620448,5.15965108115409,0.729173761416071,7.07602406199304,1.48349114444231e-12,4.02148590238362e-10,8737.72593620448,6.49291064409994,0.397312549730762,16.3420728806575,4.95396496586366e-60,9.31935171316399e-57,8737.72593620448,5.14700718448002,0.729134301470742,7.0590660377628,1.67625402440281e-12,7.77581717588647e-10,"RPL18A",288.389974340807
"ENSG00000258486",56856.6414121901,-7.88391287768775,0.975132918517447,-8.08496229383184,6.2183432803319e-16,3.82790848431765e-13,56856.6414121901,-6.68753675820082,0.528989833507963,-12.6420893835574,1.23721930533121e-36,6.18687957684931e-34,56856.6414121901,-8.63641749600793,0.975331201026195,-8.8548561626257,8.3791793921768e-19,1.24011855004217e-15,NA,286.802715147436
"ENSG00000212232",446.452875173247,-6.45411875838371,0.787366281652192,-8.19709823595765,2.46259195301821e-16,1.65374243244959e-13,446.452875173247,-5.3285137272802,0.39532223131628,-13.478912404036,2.08152511095047e-41,1.55152168883205e-38,446.452875173247,-7.4544514654817,0.810153618034674,-9.20128146013248,3.53706058829209e-20,6.87074019275739e-17,"SNORD17",281.847160546395
"ENSG00000251992",146.168758050691,-8.10650841775627,1.24597503789298,-6.50615636045556,7.70979786113794e-11,1.37234401928255e-08,146.168758050691,-5.19532955285099,0.407464113735593,-12.7503978331262,3.10158386682145e-37,1.6122114560366e-34,146.168758050691,-6.24164209796386,0.837425287196231,-7.45337189286628,9.09843427983289e-14,5.8912361961918e-11,"SCARNA17",273.939817991717
"ENSG00000106483",2667.53014836348,7.77380025603249,0.987939548117955,7.86870033783113,3.583443600893e-15,1.79463714439299e-12,2667.53014836348,7.39240347536735,0.543901610309069,13.5914351699872,4.50165777215121e-42,3.73340955367564e-39,2667.53014836348,7.12001163039524,0.987950502117252,7.20685056097094,5.72607841774515e-13,2.96610862039199e-10,"SFRP4",273.607054814052
"ENSG00000184258",750.78943711287,-7.65493070872744,0.994459267679358,-7.69758094425604,1.38666250388391e-14,6.0254564212885e-12,750.78943711287,-5.90643308612076,0.5030717448841,-11.7407370741553,7.87967032801147e-32,2.27216333071601e-29,750.78943711287,-9.4248643065884,1.0828127217156,-8.70405760624582,3.20224373741432e-18,4.32720588516683e-15,NA,269.961670529876
"ENSG00000269915",63.7784996118205,-6.93880911630327,1.24743006604764,-5.56248346513582,2.65962238524566e-08,1.7942128365123e-06,63.7784996118205,-6.45537021279502,0.477027640890931,-13.5324867144774,1.00563367105599e-41,7.94551163501341e-39,63.7784996118205,-6.19316133023045,0.956205471888867,-6.47681017553332,9.36819266523291e-11,2.18919870703338e-08,"",264.367781712705
"ENSG00000210196",1041.30755347657,9.77465078233271,0.876554605104138,11.1512171921924,7.06334701420865e-29,4.17415555151674e-25,1041.30755347657,6.84380875624102,0.503559086651612,13.5908753067064,4.53622727696318e-42,3.73340955367564e-39,1041.30755347657,8.20728912762697,0.876675553861165,9.36183185612898,7.83660303408806e-21,1.87355094076505e-17,"MT-TP",262.993159942603
"ENSG00000197061",263.033902829816,-7.44465150074827,1.11220886872776,-6.69357322178529,2.17785978345599e-11,4.43802764700397e-09,263.033902829816,-6.71680866549017,0.530927245840121,-12.651090555471,1.10332585486642e-36,5.58806255083309e-34,263.033902829816,-7.77608756233762,1.0852641607118,-7.16515650644674,7.76977379956588e-13,3.83308840778583e-10,"H4C3",258.576208139021
"ENSG00000270103",131.584377631932,-7.41104702529555,1.21000193988868,-6.12482243291064,9.07847934276761e-10,1.06028026727311e-07,131.584377631932,-6.71526362247001,0.519510644089994,-12.9261328884471,3.20540171034094e-38,1.86219697892675e-35,131.584377631932,-6.65451932326076,1.01854183966969,-6.53337846722014,6.43023762157281e-11,1.58612527998796e-08,"",257.385473334167
"ENSG00000270141",255.029348109846,-5.8721561344415,0.94368512310801,-6.2225799587702,4.89045400754473e-10,6.22858340581602e-08,255.029348109846,-6.76292724559745,0.500237921828261,-13.5194213603008,1.20116858800984e-41,9.30434609202524e-39,255.029348109846,-6.28188292287272,0.937204648523581,-6.70278677423212,2.04481741070091e-11,6.0526595356747e-09,"TERC",257.203010607684
"ENSG00000184270",69.9585178128168,-6.49206850853035,1.13609516686468,-5.7143703255483,1.10110975949329e-08,8.81723338035437e-07,69.9585178128168,-5.9890612784214,0.474746053070738,-12.6152945131047,1.73906300748103e-36,8.48168939636271e-34,69.9585178128168,-7.75209252588396,1.27678230061615,-6.07158520457477,1.26653731016421e-09,2.07178839999493e-07,"H2AC21",256.37346468306
"ENSG00000244230",45.3711074543324,-6.44735194250763,1.22874022896419,-5.24712367230186,1.54492196568914e-07,7.75031481191557e-06,45.3711074543324,-6.83420155473683,0.521694184549001,-13.1000148308054,3.29193329755114e-39,2.06425118920251e-36,45.3711074543324,-7.14901528860131,1.22873956400339,-5.81816969033608,5.94954877388724e-09,7.93613630439551e-07,"RN7SL151P",255.114308154155
"ENSG00000253406",74.9667287671453,-7.17313047369007,1.29324101666695,-5.54663081455404,2.91226759419347e-08,1.92940992989302e-06,74.9667287671453,-6.64412519663365,0.509902587977258,-13.030185281056,8.24073024717201e-39,5.00846228330046e-36,74.9667287671453,-5.9465929839144,0.961295643932468,-6.18601886053293,6.17026286003778e-10,1.12147233736827e-07,"",253.213626043921
"ENSG00000240481",79.4171301891829,-7.26280489075217,1.37615057093219,-5.27762371659114,1.3086984778138e-07,6.7134414275073e-06,79.4171301891829,-8.02616362492792,0.652778212778109,-12.2953914021885,9.58911619826103e-35,3.82644480214447e-32,79.4171301891829,-7.93089363539835,1.37615024295431,-5.76310157702865,8.25820585100936e-09,1.02795595949704e-06,"RN7SL38P",252.159624333215
"ENSG00000202198",69478.0167646566,-9.73083739914265,1.20512807905341,-8.07452549507097,6.77395464890517e-16,4.08483289726224e-13,69478.0167646566,-6.94361242180847,0.652994782751853,-10.6334883604225,2.08177089469647e-26,2.75974359714711e-24,69478.0167646566,-10.4759601638423,1.20558120453188,-8.68955166558856,3.63872586144016e-18,4.712149990565e-15,"",246.804520633008
"ENSG00000265727",36.2954342416373,-6.11702553264079,1.18910279555429,-5.14423610432217,2.68611542131739e-07,1.21545694439642e-05,36.2954342416373,-5.80547571675352,0.441162979279311,-13.159480712179,1.50114023672295e-39,9.72172869700656e-37,36.2954342416373,-6.82939329178496,1.18909292909478,-5.74336380671608,9.28140185899236e-09,1.12056732020729e-06,"RN7SL648P",245.941862982882
"ENSG00000210140",205.837971891482,-6.62576448751361,1.18105363981223,-5.61004535625244,2.02273594797302e-08,1.42654285181366e-06,205.837971891482,-7.71588025723101,0.626209438864567,-12.3215649243827,6.93355885328656e-35,2.82381693298026e-32,205.837971891482,-6.62121559553861,1.14489272638014,-5.78326287081344,7.32654385102967e-09,9.3707400366256e-07,"MT-TC",243.429567487521
"ENSG00000203747",621.437414630346,6.77763655094008,0.80128741157235,8.45843383167653,2.70992315110605e-17,2.50227528965254e-14,621.437414630346,6.6150768434686,0.455369871422629,14.5268215106158,8.19349857628988e-48,9.24811889303805e-45,621.437414630346,5.48958377732506,0.801753732715168,6.84697002748511,7.54305137382904e-12,2.63413524380457e-09,"FCGR3A",241.728038882992
"ENSG00000212283",63.1646618478372,-6.89292254258414,1.21379640733862,-5.6788127736328,1.3563283847504e-08,1.05188428117073e-06,63.1646618478372,-5.22468432849418,0.403009653140657,-12.964166708609,1.95341653305299e-38,1.1517868677352e-35,63.1646618478372,-5.16618381307655,0.799432549385716,-6.46231357110271,1.03114144169633e-10,2.37391674132754e-08,"SNORD89",240.829255703429
"ENSG00000269900",17720.2341532214,-9.62411518187032,1.25914301417898,-7.64338528149296,2.11583646256233e-14,8.73051092555217e-12,17720.2341532214,-7.15886280322793,0.678870883967264,-10.5452494315151,5.34308885402608e-26,6.70091191042223e-24,17720.2341532214,-10.3735422689288,1.26072746631507,-8.22821945749241,1.9001671840811e-16,1.68734845946402e-13,NA,240.395079431789
"ENSG00000261868",52.0327437569289,-5.66105520496348,1.00656266211655,-5.62414583614663,1.86428107498555e-08,1.343555541553e-06,52.0327437569289,-5.95697367076302,0.45749786919847,-13.0207681211708,9.32283397669482e-39,5.58028115529286e-36,52.0327437569289,-6.80687355695876,1.10183318943663,-6.17777139245472,6.50127585285942e-10,1.16797487576226e-07,"MFSD1P1",239.96505451758
"ENSG00000183535",63.8529942967012,-5.88764604296369,0.99913445688204,-5.89274646911591,3.79828947244676e-09,3.63209894277854e-07,63.8529942967012,-5.87885698751543,0.442916059795056,-13.2730725326051,3.31696419497787e-40,2.29888895653686e-37,63.8529942967012,-6.43298864957366,0.980363128130734,-6.56184271417825,5.31468596399951e-11,1.35393803082873e-08,"COL18A1-AS1",235.694938882167
"ENSG00000235655",634.047967786249,6.18785668911342,0.742252793370202,8.33658929192767,7.64640793087543e-17,5.64840153853768e-14,634.047967786249,6.18843569244995,0.418905682853681,14.7728616386699,2.19204535089075e-49,2.70614848709185e-46,634.047967786249,5.14104698994952,0.742594962655362,6.92308357649805,4.41916864422829e-12,1.71684701828269e-09,"H3P6",234.265421528837
"ENSG00000263968",104.685279277735,-7.62851272234196,1.27227279716536,-5.99597251417965,2.0227123397649e-09,2.14219011524635e-07,104.685279277735,-5.29659132588746,0.439127274653613,-12.0616314030265,1.68413461317243e-33,5.94033374048006e-31,104.685279277735,-6.43987703175599,0.936338222861742,-6.87772524342082,6.08158197300581e-12,2.20544979172825e-09,"RN7SL381P",230.58086851495
"ENSG00000229117",7160.22870771918,5.22145490069495,0.714728516745504,7.30550800529226,2.76221134315763e-13,8.68274689017251e-11,7160.22870771918,5.74975086943778,0.389209103279773,14.7729095259746,2.19048813558807e-49,2.70614848709185e-46,7160.22870771918,4.98735579407462,0.714710037725716,6.9781527204304,2.99086447210798e-12,1.28724067453928e-09,"RPL41",227.262075156534
"ENSG00000239702",35.0548097477778,-6.0712133098444,1.2161760036015,-4.99205155492754,5.9741302614903e-07,2.33806093995385e-05,35.0548097477778,-6.63972136339398,0.529382651272156,-12.5423856400245,4.37619943179975e-36,1.9645654381051e-33,35.0548097477778,-6.7762599164095,1.21617536347704,-5.57177864303731,2.52151672621969e-08,2.61711035144948e-06,"RN7SL507P",221.629327216865
"ENSG00000254936",44.0582231957905,-4.84182831103414,0.87409210403492,-5.53926558618211,3.03742713581112e-08,1.99444215575438e-06,44.0582231957905,-5.93854213880866,0.444267214039,-13.3670501696921,9.42032107277726e-41,6.64553185678689e-38,44.0582231957905,-5.89485864123745,0.934821204101675,-6.30586749142278,2.86584147545971e-10,5.78378915956415e-08,"",220.779973728202
"ENSG00000232406",47.3206632550655,-6.49146058027014,1.22441322110197,-5.30169102096745,1.14734909754119e-07,5.96596804123342e-06,47.3206632550655,-5.44930638451731,0.433567596187354,-12.5685277969033,3.14526264544152e-36,1.46180706833138e-33,47.3206632550655,-5.46313926946309,0.887464181010162,-6.15589832960315,7.46531065701194e-10,1.31830599556779e-07,"EPB41L1-AS1",213.147821840486
"ENSG00000260034",65.4371157672711,-6.94650514130306,1.23536022460466,-5.62306038590977,1.8760378513394e-08,1.34873884261257e-06,65.4371157672711,-5.00716068488916,0.415297201471772,-12.0568129694693,1.78559672490373e-33,6.2424777537453e-31,65.4371157672711,-5.7018924739052,0.878192457024457,-6.49275956346138,8.42781383424706e-11,2.00995856126617e-08,"LCMT1-AS2",209.816707867555
"ENSG00000115474",30.1043233903506,-5.27785331502115,1.05101931411088,-5.02165207067198,5.12289201868873e-07,2.06194939858742e-05,30.1043233903506,-5.91793701208053,0.47779582717263,-12.3859118801855,3.11523682507945e-35,1.30922798696557e-32,30.1043233903506,-6.56024581193574,1.20237262461323,-5.45608381099494,4.86750250617933e-08,4.44946993800158e-06,"KCNJ13",209.160216978011
"ENSG00000246422",41.4937586438967,-6.31119957528869,1.22878602164493,-5.13612578928928,2.80459973757417e-07,1.25561080372487e-05,41.4937586438967,-5.88339714828417,0.466049679075932,-12.6239699594893,1.55766272060046e-36,7.69193322216513e-34,41.4937586438967,-5.69710847569567,0.950128700228701,-5.99614396904792,2.02057901410891e-09,3.12435799793557e-07,"DIAPH1-AS1",208.988838655471
"ENSG00000227063",118.845485819717,7.10719603851344,0.826818470518374,8.59583607760671,8.26607288346532e-18,8.42227315726321e-15,118.845485819717,7.25409470833695,0.575104815453727,12.6135175943777,1.77873135450327e-36,8.56936367800628e-34,118.845485819717,6.31314432280446,0.827650204781744,7.62779286023288,2.38806858804816e-14,1.6493593714786e-11,"RPL41P1",208.757067979496
"ENSG00000206702",102.803328058476,-7.62708861297854,1.48771271395675,-5.12672140355202,2.94831294961315e-07,1.31397814532684e-05,102.803328058476,-7.63369252049482,0.672769893905435,-11.3466618968057,7.70483380522904e-30,1.63644870685792e-27,102.803328058476,-7.78782267078536,1.38775776230578,-5.61180263754805,2.00229730933513e-08,2.14591035772882e-06,"RNU1-11P",208.605378172541
"ENSG00000230946",25.8225145962473,-4.2876023425388,0.854068017407483,-5.02021180415323,5.16145357422773e-07,2.07215530178371e-05,25.8225145962473,-5.29125375992936,0.419574481783809,-12.6109999288654,1.83648060064641e-36,8.740983870908e-34,25.8225145962473,-6.30670858207792,1.16039231206354,-5.43497963276112,5.48026918884201e-08,4.96579493846093e-06,"HNRNPA1P68",208.489945247118
"ENSG00000215346",41.6460448320724,-5.73809184948571,1.06357069588759,-5.39512029775988,6.84776576856437e-08,3.96740750842236e-06,41.6460448320724,-5.6551132373433,0.441574883895674,-12.8066913304774,1.50412449053273e-37,8.13978602719116e-35,41.6460448320724,-6.10509813090369,0.998819674309484,-6.1123126505536,9.81975584284238e-10,1.67691215162385e-07,NA,208.119052926829
"ENSG00000200959",59.9364260846204,-6.83504307239776,1.28826464547527,-5.30562031365547,1.12290473878192e-07,5.8621182370191e-06,59.9364260846204,-5.88392733438706,0.488528387011359,-12.0441871768861,2.08117691153507e-33,7.14929512088636e-31,59.9364260846204,-6.35291086545036,1.04772502787933,-6.06352878513279,1.33166935174113e-09,2.15563976313095e-07,"SNORA74A",206.047409306359
"ENSG00000236478",28.4170199426485,-5.75941261180615,1.16703030941522,-4.93510114119667,8.01092350671367e-07,2.94045674256367e-05,28.4170199426485,-5.62458934800823,0.435481657174314,-12.9157893457653,3.6666452510545e-38,2.09928725569432e-35,28.4170199426485,-5.93141626339887,1.02078079091497,-5.81066602760256,6.22247873155355e-09,8.22955910539082e-07,"",205.68922689555
"ENSG00000137970",135.522659685493,7.63194911114888,0.706931598732561,10.7958805701032,3.59994887192925e-27,1.51958984668237e-23,135.522659685493,6.1618298875973,0.467578159608909,13.1781815745012,1.17181322961677e-39,7.71541360600176e-37,135.522659685493,5.68640823412131,0.709869284749528,8.01050046295174,1.14242586103688e-15,9.34384098974378e-13,"RPL7P9",205.351217929477
"ENSG00000118785",3407.51985017379,6.95888163743753,1.09143984036035,6.37587284255629,1.81923824737549e-10,2.79973186111724e-08,3407.51985017379,8.55042606017646,0.601806430141308,14.2079340331554,8.18034022531218e-46,8.2862651436143e-43,3407.51985017379,4.77570166444591,1.0919877898003,4.3734020737716,1.22325129107277e-05,0.000379653456557483,"SPP1",200.969363798606
"ENSG00000254556",38.1631127220802,-5.61101130444902,1.05067639039906,-5.34038011677208,9.27518964925158e-08,5.02868447258873e-06,38.1631127220802,-5.57654274371601,0.434944909113254,-12.8212622492472,1.24654523801653e-37,6.83955133720042e-35,38.1631127220802,-5.85505068282201,0.961583924696899,-6.08896481361996,1.13643089890706e-09,1.89893937301245e-07,"",200.037644899096
"ENSG00000235440",64.1217475117866,-6.91716905871401,1.25428659174866,-5.51482340975235,3.49130336181181e-08,2.22810003746901e-06,64.1217475117866,-5.07480184923297,0.434001370465998,-11.6930548946978,1.38320103490729e-31,3.82121376811276e-29,64.1217475117866,-5.11116251690588,0.854354616589398,-5.98248364046975,2.19760589394165e-09,3.36461040313824e-07,"RPS2P15",196.57071765011
"ENSG00000256655",49.0339910313448,-6.54755936127136,1.25766965317511,-5.20610427765461,1.92846303226518e-07,9.31082118911302e-06,49.0339910313448,-5.56697508515328,0.463359765552211,-12.0143687454581,2.98641432517573e-33,9.91414268202245e-31,49.0339910313448,-6.34568858859793,1.05561511007791,-6.0113658169686,1.83966748060997e-09,2.88772046956352e-07,NA,196.451300368396
"ENSG00000235397",63.698918443352,-4.26811070371033,0.849231223854946,-5.0258523047892,5.01201525369425e-07,2.02592375808697e-05,63.698918443352,-5.56181627151336,0.454452799510902,-12.2384905044026,1.93599702681304e-34,7.3539963984855e-32,63.698918443352,-6.29045616993148,0.994532462729252,-6.3250385539642,2.53169364173741e-10,5.24566922567991e-08,"EPN2-AS1",195.843769889097
"ENSG00000215184",40.2248178168003,-5.2907195986008,1.02745177120479,-5.14936053144074,2.613760428334e-07,1.19642735275833e-05,40.2248178168003,-6.20348149483125,0.505500537897015,-12.2719582468478,1.28116788721921e-34,5.01114231530642e-32,40.2248178168003,-5.7757093068909,0.999377779276696,-5.77930531042134,7.50096984494664e-09,9.54408125294888e-07,"RPS12P16",194.169363240417
"ENSG00000231062",136.440275971063,-7.42141624940082,1.25092641379986,-5.93273606467166,2.97927578296057e-09,2.96402831094004e-07,136.440275971063,-5.94494955185913,0.5303031798252,-11.2104731369303,3.62251768375991e-29,7.04963355157316e-27,136.440275971063,-2.76652677016281,0.938769922071962,-2.94696997114778,0.00320904364756355,0.0222826355152536,"",194.083641773643
"ENSG00000198518",389.124947275172,-4.6461525516166,0.780173413408289,-5.95528182807368,2.59624035787336e-09,2.64530034808421e-07,389.124947275172,-5.09880832850077,0.417519444159395,-12.2121458050088,2.67733473678034e-34,9.97812346948182e-32,389.124947275172,-6.19490559290708,0.802740639878126,-7.7171944276393,1.18918183907943e-14,8.5952957112997e-12,NA,192.047965518348
"ENSG00000212402",64.7093540553164,-6.93863822038715,1.34181359006184,-5.1710895401405,2.32733008542106e-07,1.08638150654062e-05,64.7093540553164,-6.19712521703991,0.537353558246316,-11.5326773628606,9.02913107392152e-31,2.23334715042023e-28,64.7093540553164,-5.61395521121564,1.01755352708681,-5.51711046325792,3.44618837503128e-08,3.35760296852578e-06,"SNORA74B",191.860589102492
"ENSG00000234797",124.052979085168,6.47832732277368,0.7725474784494,8.38566884688627,5.04381406390373e-17,4.02796264757372e-14,124.052979085168,6.18496613558742,0.492501208358164,12.5582760623188,3.58049133040367e-36,1.62583114951261e-33,124.052979085168,5.81714729501759,0.772875763409052,7.52662662024609,5.20679863864668e-14,3.5179848193291e-11,"RPS3AP6",190.738003810729
"ENSG00000266998",41.5287266654054,-6.31445442516994,1.26266096620998,-5.00091045351906,5.70602118662872e-07,2.24802018696674e-05,41.5287266654054,-6.01224938746023,0.499311593448701,-12.0410770876241,2.16115333243172e-33,7.34581521033568e-31,41.5287266654054,-5.96512166468035,1.03632898372143,-5.75601161250914,8.6124463719208e-09,1.04970522838941e-06,"",190.279517075368
"ENSG00000229456",36.3949050388144,-2.85774806206844,0.702611032230664,-4.0673259185749,4.75557096475717e-05,0.00071220279202557,36.3949050388144,-4.8356285637401,0.399183452330058,-12.1138001475618,8.92607958086384e-34,3.20567976220024e-31,36.3949050388144,-6.23847294857388,1.05131308547898,-5.93398202185566,2.95674221772909e-09,4.35523924772607e-07,"RLIMP1",190.236492326534
"ENSG00000196226",58.9419043444685,-6.81535185246937,1.33383639648827,-5.10958605599071,3.22865407281565e-07,1.41333734138603e-05,58.9419043444685,-6.04064707369084,0.530215207901051,-11.3928212236759,4.54046281502622e-30,9.96505463931172e-28,58.9419043444685,-6.98035737783796,1.21625565051318,-5.73921886808312,9.5114232335782e-09,1.13864973211822e-06,NA,188.480261548401
"ENSG00000266965",29.0504812348185,-5.80430307723774,1.23169629982382,-4.71244662995901,2.44760196117417e-06,7.18939914745455e-05,29.0504812348185,-6.12969233842592,0.519766679644939,-11.79316139044,4.23345616539191e-32,1.28648219856775e-29,29.0504812348185,-6.50536181143056,1.2316956309914,-5.28163098718987,1.28038890092985e-07,9.80159779332502e-06,"",187.943781351713
"ENSG00000266420",18.6808530365969,-5.13194843950144,1.12589651277712,-4.55809959553303,5.16185599159534e-06,0.000130256356993173,18.6808530365969,-4.99098359306213,0.402257978067313,-12.4074197783268,2.38206046329675e-35,1.02286194133194e-32,18.6808530365969,-5.86341325563501,1.12589004126182,-5.20780275226853,1.91089895861609e-07,1.34064875019837e-05,"RN7SL118P",187.571662937049
"ENSG00000243562",31.1664432032944,-5.87018115341582,1.23801968958559,-4.74158949392862,2.1204794999774e-06,6.45937404797238e-05,31.1664432032944,-5.80969346102609,0.496063901964291,-11.7115827981458,1.11184413887604e-31,3.13738590759271e-29,31.1664432032944,-6.56959658479267,1.23801900960018,-5.30653934539689,1.11726053546345e-07,8.79100188410231e-06,"RN7SL838P",187.256049906602
"ENSG00000241529",39.6677189975097,-5.66246623326735,1.09811934763763,-5.15651258257942,2.51591584194842e-07,1.15614745408852e-05,39.6677189975097,-5.96971950122111,0.486841543568224,-12.2621406905151,1.44627971068949e-34,5.54711456027069e-32,39.6677189975097,-5.51102997701506,0.953866314294736,-5.77757060337095,7.57869232132143e-09,9.57503078645001e-07,"RN7SL767P",186.589151952333
"ENSG00000227232",202.215730162936,4.60132630784398,0.751742523321721,6.12088070728276,9.30595565912939e-10,1.08256841659825e-07,202.215730162936,6.268530825649,0.449862176862037,13.9343362213166,3.91826203149877e-44,3.59978933847346e-41,202.215730162936,5.41836918119001,0.747441418215437,7.24922254659998,4.19170669395428e-13,2.28558322891402e-10,"WASH7P",186.094766229619
"ENSG00000168298",649.086534659492,-6.63416114152827,1.01822166712657,-6.51543898122885,7.24773819429796e-11,1.29791617069767e-08,649.086534659492,-5.80950186528493,0.534917071908642,-10.8605654415852,1.77645799235766e-27,2.74136613234724e-25,649.086534659492,-7.53404541162185,1.02945334369858,-7.31849136994765,2.50774145667278e-13,1.443344527285e-10,"H1-4",185.051471699269
"ENSG00000225745",48.9642157377583,-4.08158928933122,0.797452869260551,-5.11828278091961,3.08330075503546e-07,1.36385285493694e-05,48.9642157377583,-5.45433880934918,0.42741607954807,-12.7611923611211,2.7003569538954e-37,1.42236801951517e-34,48.9642157377583,-4.75254339331808,0.802886108438817,-5.91932447624387,3.23266632093847e-09,4.65144765068369e-07,NA,184.612940342134
"ENSG00000233850",67.8011930455269,-7.00027329482626,1.36039398739243,-5.14576906374323,2.66427022330653e-07,1.20927583038804e-05,67.8011930455269,-6.15650094938901,0.547194911951822,-11.2510200934234,2.28928932030214e-29,4.53247878928995e-27,67.8011930455269,-3.59785744670762,0.936858943511291,-3.84034061010622,0.000122863722852026,0.00212860228495753,"",184.412849124351
"ENSG00000163682",12211.3616045671,5.67974206441567,0.700226044167807,8.11129793260665,5.0081890677298e-16,3.21503252121285e-13,12211.3616045671,5.27676626885659,0.380766537118267,13.8582720760927,1.13370613606591e-43,9.9526802011742e-41,12211.3616045671,4.59321016547627,0.700242707479483,6.55945448116052,5.40049749745411e-11,1.36461351399084e-08,"RPL9",183.73786840429
"ENSG00000224347",24.9164710441711,-5.00489642883915,1.04984575423572,-4.76726834265544,1.86740518497448e-06,5.81434019026617e-05,24.9164710441711,-5.64357761283886,0.477524006238132,-11.8184165384651,3.13538572373216e-32,9.60181496248363e-30,24.9164710441711,-6.28772513847519,1.20136042833305,-5.23383739815681,1.66026519550731e-07,1.20002423898528e-05,"SCEL-AS1",182.454986411371
"ENSG00000124610",77.3960232090188,-7.20724325449566,1.41129790876609,-5.10681919793745,3.27626954066342e-07,1.42573214120063e-05,77.3960232090188,-6.05816795900964,0.574517955404172,-10.5447843744896,5.3695886244692e-26,6.71283539903974e-24,77.3960232090188,-7.86861109764451,1.41129757771387,-5.57544434419755,2.46898836102861e-08,2.59243777908004e-06,"H1-1",182.340064628771
